date,time,symbol,side,quantity,price,commission,asset_type,expiry,strike,put_call,multiplier,timezone
2026-08-24,09:35:12,AAPL,BUY,100,310.20,0.65,STOCK,,,,,America/Chicago
2026-08-24,10:02:40,AAPL,SELL,50,312.05,0.33,STOCK,,,,,America/Chicago
2026-08-24,10:41:08,AAPL,SELL,50,312.90,0.33,STOCK,,,,,America/Chicago
2026-08-24,11:15:00,TSLA,SELL SHORT,40,349.80,0.26,STOCK,,,,,America/Chicago
2026-08-24,11:48:30,TSLA,BUY TO COVER,40,346.10,0.26,STOCK,,,,,America/Chicago
2026-08-24,1:05 PM,SPY,BUY TO OPEN,2,3.40,1.30,OPTION,2026-08-28,765,CALL,,America/Chicago
2026-08-24,1:52 PM,SPY,SELL TO CLOSE,2,4.15,1.30,OPTION,2026-08-28,765,CALL,,America/Chicago
08/24/2026,14:10:00,/MESU26,BUY,1,6412.25,2.10,FUTURE,,,,,America/Chicago
08/24/2026,14:38:00,/MESU26,SELL,1,6420.50,2.10,FUTURE,,,,,America/Chicago
